{
  "version": 1,
  "author": "PGxTALAL",
  "editor": "wokwi",
  "parts": [
    { "type": "board-esp32-devkit-c-v4", "id": "esp", "top": 0, "left": 0, "attrs": {} },
    {
      "type": "wokwi-pushbutton",
      "id": "btn1",
      "top": 15.8,
      "left": -182.4,
      "attrs": { "color": "green", "xray": "1", "bounce": "1" }
    },
    {
      "type": "wokwi-pushbutton",
      "id": "btn2",
      "top": 92.6,
      "left": -249.6,
      "attrs": { "color": "black", "xray": "1", "bounce": "1" }
    },
    {
      "type": "wokwi-led",
      "id": "led1",
      "top": -22.8,
      "left": 320.6,
      "attrs": { "color": "blue" }
    },
    {
      "type": "wokwi-led",
      "id": "led2",
      "top": -22.8,
      "left": 243.8,
      "attrs": { "color": "red" }
    },
    {
      "type": "wokwi-resistor",
      "id": "r1",
      "top": 61,
      "left": 315.95,
      "rotate": 270,
      "attrs": { "value": "1000" }
    },
    {
      "type": "wokwi-resistor",
      "id": "r2",
      "top": 52.8,
      "left": 249.05,
      "rotate": 90,
      "attrs": { "value": "1000" }
    },
    {
      "type": "wokwi-led",
      "id": "led3",
      "top": -22.8,
      "left": 387.8,
      "attrs": { "color": "purple" }
    },
    {
      "type": "wokwi-resistor",
      "id": "r3",
      "top": 62.4,
      "left": 383.45,
      "rotate": 90,
      "attrs": { "value": "1000" }
    },
    {
      "type": "board-ssd1306",
      "id": "oled1",
      "top": -140.86,
      "left": -220.57,
      "attrs": { "i2cAddress": "0x3c" }
    }
  ],
  "connections": [
    [ "esp:TX", "$serialMonitor:RX", "", [] ],
    [ "esp:RX", "$serialMonitor:TX", "", [] ],
    [ "led1:A", "r1:2", "purple", [ "v67.2", "h19.2" ] ],
    [ "led2:A", "r2:1", "cyan", [ "v0" ] ],
    [ "btn1:2.l", "esp:34", "purple", [ "v0" ] ],
    [ "btn1:1.r", "esp:GND.1", "black", [ "v0" ] ],
    [ "btn2:2.l", "esp:35", "cyan", [ "v0" ] ],
    [ "btn2:1.r", "esp:GND.1", "black", [ "v0" ] ],
    [ "led2:C", "esp:GND.3", "black", [ "v0" ] ],
    [ "esp:19", "r2:2", "cyan", [ "h0" ] ],
    [ "esp:18", "r1:1", "purple", [ "h0" ] ],
    [ "r3:1", "led3:A", "#8f4814", [ "h0", "v-9.6", "h-9.6" ] ],
    [ "esp:5", "r3:2", "#8f4814", [ "h0" ] ],
    [ "esp:GND.2", "oled1:GND", "black", [ "v-192", "h-283.16" ] ],
    [ "esp:3V3", "oled1:VCC", "red", [ "h-4.61", "v-182.4", "h-172.8" ] ],
    [ "esp:22", "oled1:SCL", "green", [ "h33.64", "v-268.8", "h-105.6" ] ],
    [ "esp:21", "oled1:SDA", "green", [ "h52.84", "v-316.8", "h-307.2" ] ],
    [ "esp:GND.3", "led3:C", "black", [ "h0" ] ],
    [ "esp:GND.3", "led1:C", "black", [ "h0" ] ]
  ],
  "dependencies": {}
}